uniprot_id	prev	site	next	nearest_node	sequence_distance
A2RRD8	A:PRO:188	A:TYR:189	A:LYS:190	A:PHE:198	-9
A2RRD8	A:PRO:300	A:TYR:301	A:LYS:302	A:PHE:310	-9
A6NN14	A:PRO:543	A:TYR:544	A:LYS:545	A:PHE:553	-9
A6NNF4	A:PRO:256	A:TYR:257	A:LYS:258	A:PHE:266	-9
A8MTY0	A:PRO:337	A:TYR:338	A:LYS:339	A:PHE:347	-9
P05165	A:PRO:405	A:TYR:406	A:LYS:407	A:PHE:512	-106
P0CJ79	A:PRO:577	A:TYR:578	A:LYS:579	A:PHE:587	-9
P17022	A:PRO:519	A:TYR:520	A:LYS:521	A:PHE:529	-9
P17035	A:PRO:326	A:TYR:327	A:LYS:328	A:PHE:336	-9
P17038	A:PRO:705	A:TYR:706	A:LYS:707	A:PHE:715	-9
P17040	A:PRO:709	A:TYR:710	A:LYS:711	A:PHE:719	-9
P17098	A:PRO:312	A:TYR:313	A:LYS:314	A:PHE:322	-9
Q00577	A:PRO:260	A:TYR:261	A:LYS:262	A:PHE:243	18
Q02386	A:PRO:639	A:TYR:640	A:LYS:641	A:PHE:649	-9
Q05481	A:PRO:685	A:TYR:686	A:LYS:687	A:PHE:695	-9
Q05481	A:PRO:377	A:TYR:378	A:LYS:379	A:PHE:387	-9
Q08AN1	A:PRO:296	A:TYR:297	A:LYS:298	A:PHE:306	-9
Q08ER8	A:PRO:282	A:TYR:283	A:LYS:284	A:PHE:292	-9
Q09FC8	A:PRO:403	A:TYR:404	A:LYS:405	A:PHE:413	-9
Q14584	A:PRO:351	A:TYR:352	A:LYS:353	A:PHE:361	-9
Q14586	A:PRO:407	A:TYR:408	A:LYS:409	A:PHE:417	-9
Q14586	A:PRO:687	A:TYR:688	A:LYS:689	A:PHE:697	-9
Q15937	A:PRO:388	A:TYR:389	A:LYS:390	A:PHE:398	-9
Q15937	A:PRO:332	A:TYR:333	A:LYS:334	A:PHE:342	-9
Q16600	A:PRO:290	A:TYR:291	A:LYS:292	A:PHE:300	-9
Q5CZA5	A:PRO:286	A:TYR:287	A:LYS:288	A:PHE:296	-9
Q5JVG8	A:PRO:340	A:TYR:341	A:LYS:342	A:PHE:350	-9
Q6ZN19	A:PRO:284	A:TYR:285	A:LYS:286	A:PHE:294	-9
Q6ZN19	A:PRO:648	A:TYR:649	A:LYS:650	A:PHE:658	-9
Q6ZNA1	A:PRO:777	A:TYR:778	A:LYS:779	A:PHE:787	-9
Q6ZNA1	A:PRO:413	A:TYR:414	A:LYS:415	A:PHE:423	-9
Q6ZR52	A:PRO:136	A:TYR:137	A:LYS:138	A:PHE:146	-9
Q6ZR52	A:PRO:612	A:TYR:613	A:LYS:614	A:PHE:622	-9
Q76KX8	A:PRO:478	A:TYR:479	A:LYS:480	A:PHE:488	-9
Q7Z398	A:PRO:258	A:TYR:259	A:LYS:260	A:PHE:268	-9
Q7Z3V5	A:PRO:390	A:TYR:391	A:LYS:392	A:PHE:400	-9
Q8IWY8	A:PRO:705	A:TYR:706	A:LYS:707	A:PHE:715	-9
Q8N184	A:PRO:588	A:TYR:589	A:LYS:590	A:PHE:598	-9
Q8N4W9	A:PRO:818	A:TYR:819	A:LYS:820	A:PHE:828	-9
Q8N4W9	A:PRO:314	A:TYR:315	A:LYS:316	A:PHE:324	-9
Q8N4W9	A:PRO:734	A:TYR:735	A:LYS:736	A:PHE:744	-9
Q8N823	A:PRO:286	A:TYR:287	A:LYS:288	A:PHE:296	-9
Q8N8J6	A:PRO:427	A:TYR:428	A:LYS:429	A:PHE:437	-9
Q8N8Z8	A:PRO:418	A:TYR:419	A:LYS:420	A:PHE:428	-9
Q8N972	A:PRO:363	A:TYR:364	A:LYS:365	A:PHE:373	-9
Q8NCK3	A:PRO:241	A:TYR:242	A:LYS:243	A:PHE:251	-9
Q8NEP9	A:PRO:283	A:TYR:284	A:LYS:285	A:PHE:293	-9
Q8NHY6	A:PRO:700	A:TYR:701	A:LYS:702	A:PHE:710	-9
Q8TF20	A:PRO:628	A:TYR:629	A:LYS:630	A:PHE:638	-9
Q8WV37	A:PRO:314	A:TYR:315	A:LYS:316	A:PHE:324	-9
Q92766	A:PRO:124	A:TYR:125	A:LYS:126	A:PHE:134	-9
Q96MX3	A:PRO:139	A:TYR:140	A:LYS:141	A:PHE:149	-9
Q96N22	A:PRO:281	A:TYR:282	A:LYS:283	A:PHE:291	-9
Q96NJ3	A:PRO:483	A:TYR:484	A:LYS:485	A:PHE:493	-9
Q96RE9	A:PRO:492	A:TYR:493	A:LYS:494	A:PHE:502	-9
Q96SE7	A:PRO:260	A:TYR:261	A:LYS:262	A:PHE:270	-9
Q96SE7	A:PRO:596	A:TYR:597	A:LYS:598	A:PHE:606	-9
Q99676	A:PRO:277	A:TYR:278	A:LYS:279	A:PHE:287	-9
Q9H0M5	A:PRO:507	A:TYR:508	A:LYS:509	A:PHE:517	-9
Q9H5H4	A:PRO:288	A:TYR:289	A:LYS:290	A:PHE:298	-9
Q9H5H4	A:PRO:512	A:TYR:513	A:LYS:514	A:PHE:522	-9
Q9H7R5	A:PRO:345	A:TYR:346	A:LYS:347	A:PHE:355	-9
Q9H7R5	A:PRO:541	A:TYR:542	A:LYS:543	A:PHE:551	-9
Q9H8G1	A:PRO:372	A:TYR:373	A:LYS:374	A:PHE:382	-9
Q9HCG1	A:PRO:424	A:TYR:425	A:LYS:426	A:PHE:434	-9
Q9NSJ1	A:PRO:155	A:TYR:156	A:LYS:157	A:PHE:165	-9
Q9UL36	A:PRO:994	A:TYR:995	A:LYS:996	A:PHE:1004	-9
Q9UL58	A:PRO:406	A:TYR:407	A:LYS:408	A:PHE:416	-9
Q9Y2Q1	A:PRO:315	A:TYR:316	A:LYS:317	A:PHE:325	-9
